{"cameraMode":{"drawMode":0,"name":"Shaded","section":"Shading Mode"},"sceneLighting":true,"audioPlay":false,"sceneViewState":{"showFog":true,"showMaterialUpdate":false,"showSkybox":true,"showFlares":true,"showImageEffects":true,"showParticleSystems":true},"in2DMode":false,"pivot":{"x":-0.7698814272880554,"y":-17.181119918823243,"z":71.84759521484375},"rotation":{"x":0.25973835587501528,"y":-0.020282581448554994,"z":0.005454809870570898,"w":0.9654505848884583},"size":51.1319580078125,"orthographic":false}