{"cameraMode":{"drawMode":0,"name":"Shaded","section":"Shading Mode"},"sceneLighting":true,"audioPlay":false,"sceneViewState":{"showFog":true,"showMaterialUpdate":false,"showSkybox":true,"showFlares":true,"showImageEffects":true,"showParticleSystems":true},"in2DMode":false,"pivot":{"x":-1.262437343597412,"y":2.1975319385528566,"z":-55.80529022216797},"rotation":{"x":0.00627322169020772,"y":0.10778413712978363,"z":-0.0006822100840508938,"w":0.9941543340682983},"size":11.767767906188965,"orthographic":false}