{"cameraMode":{"drawMode":0,"name":"Shaded","section":"Shading Mode"},"sceneLighting":false,"audioPlay":false,"sceneViewState":{"showFog":true,"showMaterialUpdate":false,"showSkybox":false,"showFlares":true,"showImageEffects":true,"showParticleSystems":true},"in2DMode":false,"pivot":{"x":-6.070000171661377,"y":1.559999942779541,"z":-49.0},"rotation":{"x":-0.10658761113882065,"y":-0.018793819472193719,"z":0.0020150402560830118,"w":-0.9941236972808838},"size":7.000357151031494,"orthographic":false}